{"_timestamp":1.7466906682060921e+09,"_runtime":54.761368055,"_step":4869,"train/loss":0.027632808312773705,"train/recon":0.0018330145394429564,"train/sparse":0.025796610862016678,"_wandb":{"runtime":54},"train/orth":3.1833847060624976e-06}