{"train/avg_recon":0.0016829608070358449,"val/avg_recon":0.0018251056149601937,"train/orth":3.0876362870913e-06,"_timestamp":1.746691218581827e+09,"_step":48690,"train/sparse":0.02572024241089821,"train/loss":0.028504425659775734,"_runtime":524.992217287,"epoch":10,"_wandb":{"runtime":524},"train/recon":0.002781095216050744}