{"train/orth":3.0927044463169295e-06,"_timestamp":1.7466902829351585e+09,"_wandb":{"runtime":535},"_runtime":535.418996821,"_step":49940,"train/loss":0.027155540883541107,"train/recon":0.00118282123003155,"train/sparse":0.025969628244638443}